<?xml version="1.0" encoding="UTF-8"?>
<project-private xmlns="http://www.netbeans.org/ns/project-private/1">
    <editor-bookmarks xmlns="http://www.netbeans.org/ns/editor-bookmarks/2" lastBookmarkId="0"/>
    <open-files xmlns="http://www.netbeans.org/ns/projectui-open-files/2">
        <group>
            <file>file:/D:/Bai%20Giang/Mang%20Va%20He%20Thong/Lap%20Trinh%20Mang/Lap_trinh_mang_Demo/Client-Server/cs-1-n-mess-file/TCP-ClientServer-MessFile-11-1n/Article_src/jServer/src/com/socket/SocketServer.java</file>
            <file>file:/D:/Bai%20Giang/Mang%20Va%20He%20Thong/Lap%20Trinh%20Mang/Lap_trinh_mang_Demo/Client-Server/cs-1-n-mess-file/TCP-ClientServer-MessFile-11-1n/Article_src/jServer/src/com/socket/Message.java</file>
        </group>
    </open-files>
</project-private>
